Mark ID,Mark Name,Timestamp,\Processor(_Total)\% Processor Time,\Memory\Pages/sec,\Processor(_Total)\% Privileged Time,\Processor(_Total)\% User Time,\.NET CLR Exceptions(WebDev.WebServer40)\# of Exceps Thrown / sec,\.NET CLR Memory(WebDev.WebServer40)\# Bytes in all Heaps,\.NET CLR Memory(WebDev.WebServer40)\# Total committed bytes,\.NET CLR Memory(WebDev.WebServer40)\# Gen 0 Collections,\.NET CLR Memory(WebDev.WebServer40)\# Gen 1 Collections,\.NET CLR Memory(WebDev.WebServer40)\# Gen 2 Collections,\.NET CLR Memory(WebDev.WebServer40)\% Time in GC,\Process(WebDev.WebServer40)\% Processor Time,\Process(WebDev.WebServer40)\% Privileged Time,\Process(WebDev.WebServer40)\% User Time,\Process(WebDev.WebServer40)\Private Bytes,\.NET CLR LocksAndThreads(WebDev.WebServer40)\Contention Rate / sec,\Process(WebDev.WebServer40)\Working Set,
1,"AutoMark",0.00,0,0,0,0,0,0,0,0,0,0,0,0,0,0,0,0,0,
0,"Start of Program",0.00,0,0,0,0,0,0,0,0,0,0,0,0,0,0,0,0,0,
2,"AutoMark",522.83,14,"3,978",5,10,0,0,0,0,0,0,0,0,0,0,0,0,0,
3,"AutoMark","1,041.83",13,406,4,9,0,0,0,0,0,0,0,0,0,0,0,0,0,
4,"AutoMark","1,546.81",34,693,11,21,0,0,0,0,0,0,0,0,0,0,"52,117,504",0,"56,463,360",
5,"AutoMark","2,108.99",32,"1,309",8,25,0,0,0,0,0,0,0,119,18,100,"66,871,296",0,"66,854,912",
6,"AutoMark","2,651.92",28,583,6,22,1,0,0,0,0,0,0,89,17,71,"70,823,936",0,"71,434,240",
7,"AutoMark","3,177.01",14,757,3,11,0,0,0,0,0,0,0,71,11,59,"74,473,472",0,"76,840,960",
8,"AutoMark","3,692.01",18,"2,009",4,14,0,0,0,0,0,0,0,87,3,84,"81,805,312",0,"121,614,336",
9,"AutoMark","4,207.00",14,"2,025",3,10,0,0,0,0,0,0,0,66,6,60,"91,271,168",0,"135,843,840",
10,"AutoMark","5,217.06",19,799,4,14,0,"1,421,000","5,382,144",1,0,0,0,72,7,64,"98,205,696",0,"146,108,416",
11,"AutoMark","5,737.11",19,86,6,15,0,"1,421,000","5,382,144",1,0,0,0,36,3,33,"98,734,080",0,"146,821,120",
12,"AutoMark","6,745.15",11,39,4,6,0,"1,421,000","5,382,144",1,0,0,0,17,0,17,"99,840,000",0,"148,115,456",
13,"AutoMark","7,247.20",4,0,3,3,0,"1,421,000","5,382,144",1,0,0,0,0,0,0,"99,840,000",0,"148,115,456",
14,"AutoMark","8,250.23",7,0,3,3,0,"1,421,000","5,382,144",1,0,0,0,0,0,0,"99,840,000",0,"148,115,456",
15,"AutoMark","9,252.30",5,23,1,3,0,"1,421,000","5,382,144",1,0,0,0,0,0,0,"99,840,000",0,"148,115,456",
16,"AutoMark","10,255.38",8,0,3,5,0,"1,421,000","5,382,144",1,0,0,0,0,0,0,"99,840,000",0,"148,115,456",
17,"AutoMark","10,757.37",4,0,2,4,0,"1,421,000","5,382,144",1,0,0,0,0,0,0,"99,840,000",0,"148,115,456",
18,"AutoMark","11,759.47",7,23,3,5,0,"1,421,000","5,382,144",1,0,0,0,0,0,0,"99,840,000",0,"148,115,456",
19,"AutoMark","12,283.50",9,0,2,2,0,"1,421,000","5,382,144",1,0,0,0,0,0,0,"99,840,000",0,"148,115,456",
20,"AutoMark","12,785.60",4,0,2,4,0,"1,421,000","5,382,144",1,0,0,0,0,0,0,"99,840,000",0,"148,115,456",
21,"AutoMark","13,788.55",10,7,4,5,0,"1,421,000","5,382,144",1,0,0,0,0,0,0,"99,840,000",0,"148,115,456",
22,"AutoMark","14,790.57",10,19,2,8,0,"1,421,000","5,382,144",1,0,0,0,20,3,17,"100,679,680",0,"149,135,360",
23,"AutoMark","15,794.69",40,150,4,35,1,"2,150,080","8,134,656",8,7,1,2,279,12,267,"136,744,960",24,"162,803,712",
24,"AutoMark","16,324.33",51,126,7,44,0,"2,718,456","8,392,704",41,40,2,13,330,20,309,"148,615,168",0,"165,015,552",
25,"AutoMark","16,832.08",51,21,4,48,0,"3,929,964","10,289,152",81,80,2,26,386,0,386,"149,000,192",0,"166,973,440",
26,"AutoMark","17,346.79",38,0,3,35,0,"4,636,244","11,452,416",108,107,3,1,257,0,257,"136,499,200",0,"167,456,768",
27,"AutoMark","17,854.85",30,0,4,27,0,"5,230,160","12,341,248",133,132,4,2,193,3,190,"133,955,584",0,"168,259,584",
28,"AutoMark","18,866.87",14,0,2,10,0,"5,245,300","11,677,696",146,144,5,12,35,0,35,"129,978,368",0,"167,579,648",
29,"AutoMark","19,368.93",5,0,3,4,0,"5,245,300","11,677,696",146,144,5,12,0,0,0,"129,978,368",0,"167,579,648",
30,"AutoMark","19,872.01",9,0,1,6,0,"5,245,300","11,677,696",146,144,5,12,0,0,0,"129,978,368",0,"167,579,648",
31,"AutoMark","20,874.94",11,0,5,6,0,"5,245,300","11,677,696",146,144,5,12,0,0,0,"129,978,368",0,"167,579,648",
32,"AutoMark","21,877.02",7,7,3,6,0,"5,245,300","11,677,696",146,144,5,12,0,0,0,"133,402,624",0,"167,890,944",
33,"AutoMark","22,398.07",12,0,3,4,0,"5,245,300","11,677,696",146,144,5,12,0,0,0,"133,443,584",0,"168,009,728",
34,"AutoMark","23,400.13",10,0,4,6,0,"5,245,300","11,677,696",146,144,5,12,0,0,0,"133,443,584",0,"168,009,728",
35,"AutoMark","24,402.18",10,0,4,5,0,"5,245,300","11,677,696",146,144,5,12,0,0,0,"133,443,584",0,"168,009,728",
36,"AutoMark","25,404.24",7,0,1,5,0,"5,245,300","11,677,696",146,144,5,12,0,0,0,"133,443,584",0,"168,009,728",
37,"AutoMark","25,906.24",8,0,4,6,0,"5,245,300","11,677,696",146,144,5,12,0,0,0,"133,443,584",0,"168,009,728",
38,"AutoMark","26,434.64",11,0,2,7,0,"5,245,300","11,677,696",146,144,5,12,0,0,0,"133,443,584",0,"168,009,728",
39,"AutoMark","26,937.24",8,0,4,6,0,"5,245,300","11,677,696",146,144,5,12,0,0,0,"133,443,584",0,"168,034,304",
40,"AutoMark","27,946.35",28,11,3,23,0,"2,368,664","11,210,752",181,179,7,23,170,6,163,"164,200,448",0,"170,217,472",
41,"AutoMark","28,454.99",48,0,2,47,0,"3,396,800","11,341,824",226,224,8,19,334,0,334,"155,779,072",0,"169,742,336",
42,"AutoMark","28,984.44",44,0,2,42,0,"5,902,508","13,873,152",257,254,9,4,235,0,235,"142,917,632",0,"171,540,480",
43,"AutoMark","29,526.36",30,35,3,28,1,"4,991,496","13,873,152",279,276,10,4,207,5,201,"141,484,032",0,"172,122,112",
44,"AutoMark","30,078.56",24,3,4,19,0,"6,983,672","14,565,376",298,294,11,17,53,2,50,"134,209,536",0,"172,781,568",
45,"AutoMark","31,080.57",7,0,2,4,0,"6,983,672","14,565,376",298,294,11,17,0,0,0,"134,209,536",0,"172,781,568",
46,"AutoMark","31,582.61",5,0,4,3,0,"6,983,672","14,565,376",298,294,11,17,0,0,0,"134,209,536",0,"172,781,568",
47,"AutoMark","32,084.57",5,0,2,5,0,"6,983,672","14,565,376",298,294,11,17,0,0,0,"134,209,536",0,"172,781,568",
48,"AutoMark","32,604.65",12,0,3,5,0,"6,983,672","14,565,376",298,294,11,17,0,0,0,"134,209,536",0,"172,781,568",
49,"AutoMark","33,107.79",8,0,3,4,0,"6,983,672","14,565,376",298,294,11,17,0,0,0,"134,209,536",0,"172,785,664",
50,"AutoMark","33,610.77",2,0,1,3,0,"6,983,672","14,565,376",298,294,11,17,0,0,0,"134,209,536",0,"172,785,664",
51,"AutoMark","34,113.74",8,0,4,3,0,"6,983,672","14,565,376",298,294,11,17,0,0,0,"134,209,536",0,"172,785,664",
52,"AutoMark","35,115.77",13,0,5,7,0,"6,983,672","14,565,376",298,294,11,17,0,0,0,"134,209,536",0,"172,797,952",
53,"AutoMark","36,117.85",10,0,4,5,0,"6,983,672","14,565,376",298,294,11,17,0,0,0,"134,209,536",0,"172,797,952",
54,"AutoMark","36,619.87",5,0,0,4,0,"6,983,672","14,565,376",298,294,11,17,0,0,0,"134,209,536",0,"172,797,952",
55,"AutoMark","37,121.89",6,0,3,6,0,"6,983,672","14,565,376",298,294,11,17,0,0,0,"134,209,536",0,"172,797,952",
56,"AutoMark","37,623.91",10,0,4,5,0,"6,983,672","14,565,376",298,294,11,17,0,0,0,"134,209,536",0,"172,797,952",
57,"AutoMark","38,625.98",11,0,4,6,0,"6,983,672","14,565,376",298,294,11,17,0,0,0,"134,209,536",0,"172,797,952",
58,"AutoMark","39,628.02",7,0,1,5,0,"6,983,672","14,565,376",298,294,11,17,0,0,0,"134,209,536",0,"172,797,952",
59,"AutoMark","40,130.09",8,17,3,4,0,"6,983,672","14,565,376",298,294,11,17,0,0,0,"134,209,536",0,"172,797,952",
60,"AutoMark","40,632.12",7,0,3,6,0,"6,983,672","14,565,376",298,294,11,17,0,0,0,"134,209,536",0,"172,797,952",
61,"AutoMark","41,137.14",8,0,3,4,0,"6,983,672","14,565,376",298,294,11,17,0,0,0,"134,209,536",0,"172,797,952",
62,"AutoMark","42,140.17",5,0,1,5,0,"6,983,672","14,565,376",298,294,11,17,0,0,0,"135,917,568",0,"172,863,488",
63,"AutoMark","42,661.22",22,13,6,15,3,"8,632,988","16,093,184",303,299,11,11,86,8,77,"159,535,104",0,"175,403,008",
64,"AutoMark","43,172.25",48,0,2,43,0,"14,099,380","20,938,752",348,309,11,10,360,9,351,"171,847,680",0,"180,723,712",
65,"AutoMark","43,690.23",46,0,1,48,0,"14,505,820","21,536,768",397,312,11,10,355,3,352,"170,930,176",0,"181,551,104",
66,"AutoMark","44,207.25",46,15,2,42,0,"12,558,772","18,681,856",446,316,13,51,304,0,304,"159,657,984",0,"178,565,120",
67,"AutoMark","44,718.27",46,0,1,45,1,"11,378,352","18,780,160",498,318,14,6,308,0,308,"157,716,480",0,"178,237,440",
68,"AutoMark","45,728.39",32,0,3,28,0,"8,983,864","15,265,792",568,320,15,9,202,1,200,"145,571,840",0,"174,088,192",
69,"AutoMark","46,233.46",29,0,2,28,0,"9,692,300","16,691,200",602,322,15,6,194,0,194,"147,390,464",0,"176,021,504",
70,"AutoMark","46,752.40",30,1,5,24,0,"9,812,888","16,007,168",631,326,17,4,108,6,102,"142,901,248",0,"174,632,960",
71,"AutoMark","47,754.47",5,0,1,3,0,"9,812,888","16,007,168",631,326,17,4,0,0,0,"142,901,248",0,"174,632,960",
72,"AutoMark","48,756.65",6,0,2,4,0,"9,812,888","16,007,168",631,326,17,4,0,0,0,"142,901,248",0,"174,632,960",
73,"AutoMark","49,258.62",9,0,6,5,0,"9,812,888","16,007,168",631,326,17,4,0,0,0,"142,901,248",0,"174,632,960",
74,"AutoMark","50,261.65",8,0,2,5,0,"9,812,888","16,007,168",631,326,17,4,0,0,0,"142,901,248",0,"174,632,960",
75,"AutoMark","51,263.75",8,0,2,5,0,"9,812,888","16,007,168",631,326,17,4,0,0,0,"142,901,248",0,"174,632,960",
76,"AutoMark","52,267.75",9,0,6,5,0,"9,812,888","16,007,168",631,326,17,4,0,0,0,"142,901,248",0,"174,632,960",
77,"AutoMark","52,787.78",10,15,2,4,0,"9,812,888","16,007,168",631,326,17,4,0,0,0,"142,901,248",0,"174,649,344",
78,"AutoMark","53,789.83",28,0,12,15,0,"9,812,888","16,007,168",631,326,17,4,0,0,0,"142,901,248",0,"174,649,344",
79,"AutoMark","54,307.54",19,0,11,7,0,"9,812,888","16,007,168",631,326,17,4,0,0,0,"142,901,248",0,"174,649,344",
80,"AutoMark","55,309.93",15,0,2,12,0,"10,017,356","17,616,896",637,327,17,5,54,1,52,"161,832,960",0,"177,274,880",
81,"AutoMark","55,836.60",46,0,5,41,0,"10,317,992","17,616,896",674,327,17,17,326,2,323,"170,569,728",0,"178,130,944",
82,"AutoMark","56,361.94",46,0,5,42,0,"5,419,216","16,228,352",711,347,20,40,305,2,302,"157,286,400",0,"176,381,952",
83,"AutoMark","56,885.01",29,0,5,22,1,"4,872,172","12,546,048",744,354,21,35,181,5,175,"146,563,072",0,"171,991,040",
84,"AutoMark","57,398.04",28,0,2,26,0,"5,053,396","12,546,048",776,354,21,7,191,0,191,"146,563,072",0,"171,995,136",
85,"AutoMark","57,914.08",32,0,6,26,0,"5,319,476","13,004,800",813,356,21,8,181,0,181,"143,601,664",0,"172,216,320",
86,"AutoMark","58,439.14",27,1,4,24,0,"8,080,088","14,761,984",848,363,22,23,127,0,127,"141,926,400",0,"173,731,840",
87,"AutoMark","59,441.17",8,0,3,4,0,"8,080,088","14,761,984",848,363,22,23,0,0,0,"141,926,400",0,"173,731,840",
88,"AutoMark","60,443.25",7,0,3,5,0,"8,080,088","14,761,984",848,363,22,23,0,0,0,"141,926,400",0,"173,731,840",
89,"AutoMark","61,447.29",19,0,6,12,0,"8,080,088","14,761,984",848,363,22,23,0,0,0,"141,926,400",0,"173,731,840",
90,"AutoMark","62,449.29",15,0,6,10,0,"8,080,088","14,761,984",848,363,22,23,0,0,0,"138,510,336",0,"173,338,624",
91,"AutoMark","62,977.39",14,0,3,8,0,"8,080,088","14,761,984",848,363,22,23,0,0,0,"138,510,336",0,"173,338,624",
92,"AutoMark","63,980.50",18,0,6,11,0,"8,080,088","14,761,984",848,363,22,23,0,0,0,"138,510,336",0,"173,338,624",
93,"AutoMark","64,498.46",15,0,6,9,0,"8,080,088","14,761,984",848,363,22,23,0,0,0,"138,510,336",0,"173,338,624",
94,"AutoMark","65,001.44",15,0,5,11,0,"8,080,088","14,761,984",848,363,22,23,0,0,0,"138,510,336",0,"173,338,624",
95,"AutoMark","65,532.53",20,0,9,10,0,"8,080,088","14,761,984",848,363,22,23,0,0,0,"138,510,336",0,"173,338,624",
96,"AutoMark","66,534.61",7,0,2,4,0,"8,080,088","14,761,984",848,363,22,23,0,0,0,"138,510,336",0,"173,338,624",
97,"AutoMark","67,536.62",6,0,1,4,0,"8,080,088","14,761,984",848,363,22,23,0,0,0,"138,510,336",0,"173,338,624",
98,"AutoMark","68,539.81",5,0,2,4,0,"8,080,088","14,761,984",848,363,22,23,0,0,0,"138,510,336",0,"173,338,624",
99,"AutoMark","69,550.87",9,0,3,4,0,"8,080,088","14,761,984",848,363,22,23,0,0,0,"138,510,336",0,"173,338,624",
100,"AutoMark","70,059.79",5,0,3,3,0,"8,080,088","14,761,984",848,363,22,23,0,0,0,"138,510,336",0,"173,338,624",
101,"AutoMark","71,061.84",8,7,4,3,0,"8,080,088","14,761,984",848,363,22,23,0,0,0,"138,510,336",0,"173,338,624",
102,"AutoMark","72,063.91",6,0,2,3,0,"8,080,088","14,761,984",848,363,22,23,0,0,0,"138,510,336",0,"173,338,624",
103,"AutoMark","72,567.93",0,0,0,3,0,"8,080,088","14,761,984",848,363,22,23,0,0,0,"138,510,336",0,"173,338,624",
104,"AutoMark","73,087.96",11,0,3,4,0,"8,080,088","14,761,984",848,363,22,23,0,0,0,"138,510,336",0,"173,338,624",
105,"AutoMark","74,091.01",9,0,3,5,0,"8,080,088","14,761,984",848,363,22,23,0,0,0,"138,510,336",0,"173,338,624",
106,"AutoMark","74,596.99",9,0,3,7,0,"8,080,088","14,761,984",848,363,22,23,0,0,0,"138,510,336",0,"173,338,624",
107,"AutoMark","75,111.12",7,0,3,3,0,"8,080,088","14,761,984",848,363,22,23,0,0,0,"138,510,336",0,"173,338,624",
108,"AutoMark","76,113.17",7,0,3,3,0,"8,080,088","14,761,984",848,363,22,23,0,0,0,"138,510,336",0,"173,342,720",
109,"AutoMark","77,115.15",9,0,3,5,0,"8,080,088","14,761,984",848,363,22,23,0,0,0,"138,510,336",0,"173,342,720",
110,"AutoMark","77,617.29",5,0,1,3,0,"8,080,088","14,761,984",848,363,22,23,0,0,0,"138,510,336",0,"173,342,720",
111,"AutoMark","78,121.20",2,0,1,3,0,"8,080,088","14,761,984",848,363,22,23,0,0,0,"136,802,304",0,"173,191,168",
112,"AutoMark","78,623.25",11,0,4,6,0,"8,080,088","14,761,984",848,363,22,23,0,0,0,"136,802,304",0,"173,191,168",
113,"AutoMark","79,639.27",9,0,3,6,0,"8,080,088","14,761,984",848,363,22,23,0,0,0,"136,802,304",0,"173,191,168",
114,"AutoMark","80,152.37",9,0,2,6,0,"8,080,088","14,761,984",848,363,22,23,0,0,0,"136,802,304",0,"173,191,168",
115,"AutoMark","80,654.41",3,0,1,1,0,"8,080,088","14,761,984",848,363,22,23,0,0,0,"136,802,304",0,"173,191,168",
116,"AutoMark","81,656.56",7,0,2,4,0,"8,080,088","14,761,984",848,363,22,23,0,0,0,"136,802,304",0,"173,191,168",
117,"AutoMark","82,158.48",7,0,3,6,0,"8,080,088","14,761,984",848,363,22,23,6,3,3,"136,757,248",0,"173,178,880",
118,"AutoMark","83,164.55",4,0,1,3,0,"8,080,088","14,761,984",848,363,22,23,0,0,0,"136,757,248",0,"173,178,880",
119,"AutoMark","83,685.54",10,0,2,3,0,"8,080,088","14,761,984",848,363,22,23,0,0,0,"136,757,248",0,"173,178,880",
120,"AutoMark","84,191.59",7,0,3,5,0,"8,080,088","14,761,984",848,363,22,23,0,0,0,"136,757,248",0,"173,178,880",
121,"AutoMark","85,194.71",10,0,3,6,0,"8,080,088","14,761,984",848,363,22,23,0,0,0,"136,757,248",0,"173,178,880",
122,"AutoMark","86,197.88",6,0,2,3,0,"8,080,088","14,761,984",848,363,22,23,0,0,0,"136,757,248",0,"173,178,880",
123,"AutoMark","86,700.73",9,0,3,7,0,"8,080,088","14,761,984",848,363,22,23,0,0,0,"136,757,248",0,"173,178,880",
124,"AutoMark","87,202.82",8,0,2,5,0,"8,080,088","14,761,984",848,363,22,23,0,0,0,"136,757,248",0,"173,178,880",
125,"AutoMark","88,205.81",8,0,4,3,0,"8,080,088","14,761,984",848,363,22,23,0,0,0,"136,757,248",0,"173,178,880",
126,"AutoMark","89,207.88",7,0,2,4,0,"8,080,088","14,761,984",848,363,22,23,0,0,0,"136,757,248",0,"173,178,880",
127,"AutoMark","89,709.89",11,0,4,9,0,"8,080,088","14,761,984",848,363,22,23,0,0,0,"137,433,088",0,"173,207,552",
128,"AutoMark","90,211.94",7,0,3,3,0,"8,080,088","14,761,984",848,363,22,23,0,0,0,"137,433,088",0,"173,207,552",
129,"AutoMark","91,213.99",10,0,4,6,0,"8,080,088","14,761,984",848,363,22,23,0,0,0,"137,433,088",0,"173,207,552",
130,"AutoMark","92,216.04",6,0,2,4,0,"8,080,088","14,761,984",848,363,22,23,0,0,0,"137,433,088",0,"173,207,552",
131,"AutoMark","92,718.08",6,0,3,3,0,"8,080,088","14,761,984",848,363,22,23,0,0,0,"137,433,088",0,"173,207,552",
132,"AutoMark","93,220.11",3,0,3,5,0,"8,080,088","14,761,984",848,363,22,23,0,0,0,"137,433,088",0,"173,207,552",
133,"AutoMark","93,740.14",8,0,1,3,0,"8,080,088","14,761,984",848,363,22,23,0,0,0,"137,433,088",0,"173,207,552",
134,"AutoMark","94,742.20",11,0,3,7,0,"8,080,088","14,761,984",848,363,22,23,0,0,0,"137,433,088",0,"173,207,552",
135,"AutoMark","95,744.46",8,0,3,4,0,"8,080,088","14,761,984",848,363,22,23,0,0,0,"137,433,088",0,"173,207,552",
136,"AutoMark","96,247.26",6,0,2,5,0,"8,080,088","14,761,984",848,363,22,23,0,0,0,"137,433,088",0,"173,207,552",
137,"AutoMark","97,258.32",7,0,3,3,0,"8,080,088","14,761,984",848,363,22,23,0,0,0,"137,433,088",0,"173,207,552",
138,"AutoMark","97,760.29",7,0,4,5,0,"8,080,088","14,761,984",848,363,22,23,0,0,0,"137,433,088",0,"173,207,552",
139,"AutoMark","98,761.42",9,0,3,6,0,"8,080,088","14,761,984",848,363,22,23,0,0,0,"137,433,088",0,"173,207,552",
140,"AutoMark","99,266.45",6,0,1,3,0,"8,080,088","14,761,984",848,363,22,23,0,0,0,"137,433,088",0,"173,207,552",
141,"AutoMark","100,268.51",7,0,1,5,0,"8,080,088","14,761,984",848,363,22,23,0,0,0,"137,433,088",0,"173,207,552",
142,"AutoMark","100,770.59",5,0,3,3,0,"8,080,088","14,761,984",848,363,22,23,0,0,0,"137,433,088",0,"173,207,552",
143,"AutoMark","101,772.56",8,0,3,4,0,"8,080,088","14,761,984",848,363,22,23,0,0,0,"137,433,088",0,"173,207,552",
144,"AutoMark","102,774.69",7,0,2,4,0,"8,080,088","14,761,984",848,363,22,23,0,0,0,"142,557,184",0,"173,379,584",
145,"AutoMark","103,777.72",5,0,4,3,0,"8,080,088","14,761,984",848,363,22,23,0,0,0,"142,557,184",0,"173,379,584",
146,"AutoMark","104,300.72",12,0,2,4,0,"8,080,088","14,761,984",848,363,22,23,0,0,0,"142,557,184",0,"173,379,584",
147,"AutoMark","104,802.77",12,0,5,6,0,"8,080,088","14,761,984",848,363,22,23,0,0,0,"142,557,184",0,"173,379,584",
148,"AutoMark","105,805.88",11,0,4,6,0,"8,080,088","14,761,984",848,363,22,23,0,0,0,"141,836,288",0,"173,248,512",
149,"AutoMark","106,312.80",12,0,7,6,0,"8,080,088","14,761,984",848,363,22,23,0,0,0,"141,836,288",0,"173,248,512",
150,"AutoMark","107,315.06",11,0,3,7,0,"8,080,088","14,761,984",848,363,22,23,0,0,0,"141,836,288",0,"173,248,512",
151,"AutoMark","108,317.95",13,0,8,5,0,"8,080,088","14,761,984",848,363,22,23,0,0,0,"141,836,288",0,"173,248,512",
152,"AutoMark","108,820.03",6,0,1,7,0,"8,080,088","14,761,984",848,363,22,23,0,0,0,"141,836,288",0,"173,248,512",
153,"AutoMark","109,322.03",22,0,9,12,0,"8,080,088","14,761,984",848,363,22,23,0,0,0,"141,836,288",0,"173,248,512",
154,"AutoMark","110,324.07",15,0,4,10,0,"8,080,088","14,761,984",848,363,22,23,0,0,0,"141,836,288",0,"173,248,512",
155,"AutoMark","111,326.14",18,0,8,10,0,"8,080,088","14,761,984",848,363,22,23,0,0,0,"141,836,288",0,"173,355,008",
156,"AutoMark","111,828.17",5,0,1,3,0,"8,080,088","14,761,984",848,363,22,23,0,0,0,"141,836,288",0,"173,355,008",
157,"AutoMark","112,344.15",12,1,5,9,0,"8,080,088","14,761,984",848,363,22,23,0,0,0,"141,836,288",0,"173,359,104",
158,"AutoMark","113,355.24",12,0,4,6,0,"8,080,088","14,761,984",848,363,22,23,0,0,0,"141,836,288",0,"173,359,104",
159,"AutoMark","113,857.28",7,0,4,5,0,"8,080,088","14,761,984",848,363,22,23,0,0,0,"141,836,288",0,"173,359,104",
160,"AutoMark","114,405.37",15,0,5,9,0,"8,080,088","14,761,984",848,363,22,23,0,0,0,"141,836,288",0,"173,359,104",
161,"AutoMark","115,409.39",13,254,7,5,0,"8,080,088","14,761,984",848,363,22,23,0,0,0,"141,836,288",0,"173,359,104",
162,"AutoMark","116,411.43",7,255,2,4,0,"8,080,088","14,761,984",848,363,22,23,0,0,0,"141,836,288",0,"173,359,104",
163,"AutoMark","116,916.46",8,0,3,6,0,"8,080,088","14,761,984",848,363,22,23,0,0,0,"141,836,288",0,"173,359,104",
164,"AutoMark","117,920.52",8,254,3,4,0,"8,080,088","14,761,984",848,363,22,23,0,0,0,"141,836,288",0,"173,359,104",
165,"AutoMark","118,922.54",10,255,4,5,0,"8,080,088","14,761,984",848,363,22,23,0,0,0,"141,836,288",0,"173,359,104",
166,"AutoMark","119,924.62",8,255,2,5,0,"8,080,088","14,761,984",848,363,22,23,0,0,0,"141,836,288",0,"173,359,104",
167,"AutoMark","120,427.64",9,508,5,6,0,"8,080,088","14,761,984",848,363,22,23,0,0,0,"141,836,288",0,"173,359,104",
168,"AutoMark","121,429.71",10,255,4,5,0,"8,080,088","14,761,984",848,363,22,23,0,0,0,"141,836,288",0,"173,359,104",
169,"AutoMark","121,931.72",8,0,3,3,0,"8,080,088","14,761,984",848,363,22,23,0,0,0,"145,252,352",0,"173,481,984",
170,"AutoMark","122,933.78",8,255,4,4,0,"8,080,088","14,761,984",848,363,22,23,1,0,1,"145,309,696",0,"173,555,712",
171,"AutoMark","123,436.83",10,508,7,4,0,"8,080,088","14,761,984",848,363,22,23,0,0,0,"145,309,696",0,"173,555,712",
172,"AutoMark","124,438.89",7,0,2,5,0,"8,080,088","14,761,984",848,363,22,23,0,0,0,"145,309,696",0,"173,555,712",
173,"AutoMark","124,959.92",11,0,1,5,0,"8,080,088","14,761,984",848,363,22,23,0,0,0,"145,309,696",0,"173,555,712",
174,"AutoMark","125,980.92",13,0,4,9,0,"8,252,668","14,761,984",850,364,22,1,39,0,39,"170,979,328",0,"174,895,104",
175,"AutoMark","126,517.96",49,22,7,41,0,"8,615,516","15,155,200",878,367,22,36,261,0,261,"168,595,456",0,"175,595,520",
176,"AutoMark","127,047.98",45,0,5,40,0,"9,807,468","16,723,968",902,370,22,6,217,2,214,"157,560,832",0,"176,119,808",
177,"AutoMark","127,556.98",43,0,4,39,0,"11,209,928","16,998,400",929,370,22,43,272,6,266,"166,166,528",0,"178,368,512",
178,"AutoMark","128,093.12",50,0,6,42,0,"10,765,436","19,525,632",973,375,23,15,276,0,276,"158,650,368",0,"178,950,144",
179,"AutoMark","128,627.24",37,0,5,32,0,"10,691,612","19,525,632",998,376,23,6,178,0,178,"158,650,368",0,"178,950,144",
180,"AutoMark","129,130.10",39,0,7,34,0,"10,695,068","19,525,632","1,021",376,23,4,204,0,204,"158,650,368",0,"178,954,240",
181,"AutoMark","129,651.13",37,0,4,31,0,"10,717,804","19,525,632","1,045",376,23,4,182,0,182,"156,934,144",0,"178,892,800",
182,"AutoMark","130,656.61",38,0,5,32,0,"10,724,644","19,525,632","1,093",376,23,5,197,0,197,"156,934,144",0,"178,982,912",
183,"AutoMark","131,213.15",33,0,2,31,0,"10,728,772","19,525,632","1,122",376,23,6,187,0,187,"156,934,144",0,"178,982,912",
184,"AutoMark","132,227.70",28,0,1,26,0,"10,736,044","19,525,632","1,172",376,23,6,189,0,189,"156,934,144",0,"179,056,640",
185,"AutoMark","133,232.40",29,0,2,25,0,"10,782,736","19,525,632","1,222",376,23,3,197,3,194,"156,934,144",0,"179,060,736",
186,"AutoMark","133,739.36",29,0,5,26,0,"10,962,792","19,525,632","1,247",376,23,5,190,3,187,"156,934,144",0,"179,060,736",
187,"AutoMark","134,251.42",26,0,1,26,0,"10,655,464","19,525,632","1,273",378,23,5,195,0,195,"156,934,144",0,"179,154,944",
188,"AutoMark","134,765.49",30,0,3,30,0,"4,246,764","12,574,720","1,299",379,24,4,203,3,200,"149,983,232",0,"172,257,280",
189,"AutoMark","135,304.50",31,1,1,25,0,"9,317,144","16,404,480","1,321",391,25,50,199,2,196,"155,860,992",0,"178,135,040",
190,"AutoMark","135,836.54",37,0,4,32,0,"15,253,236","24,068,096","1,358",397,27,8,237,5,231,"161,476,608",0,"183,824,384",
191,"AutoMark","136,348.56",42,0,4,38,0,"15,810,036","24,313,856","1,435",398,27,23,265,6,258,"161,722,368",0,"184,033,280",
192,"AutoMark","136,858.54",30,5,3,27,0,"15,810,036","24,313,856","1,491",398,27,10,201,3,198,"160,014,336",0,"183,865,344",
193,"AutoMark","137,373.24",28,31,3,25,0,"15,810,036","24,313,856","1,524",398,27,10,185,0,185,"160,014,336",0,"183,865,344",
194,"AutoMark","137,887.59",29,0,3,26,0,"15,810,036","24,313,856","1,557",398,27,8,187,0,187,"160,014,336",0,"183,865,344",
195,"AutoMark","138,410.66",31,0,2,26,0,"15,810,036","24,313,856","1,586",398,27,10,196,2,193,"160,014,336",0,"183,885,824",
196,"AutoMark","138,936.71",29,0,7,23,0,"15,810,036","24,313,856","1,620",398,27,10,183,2,180,"160,014,336",0,"183,885,824",
197,"AutoMark","139,464.76",26,15,2,24,0,"15,810,036","24,313,856","1,653",398,27,9,171,0,171,"160,014,336",0,"183,889,920",
198,"AutoMark","139,979.75",36,0,6,29,0,"15,810,036","24,313,856","1,685",398,27,8,187,0,187,"160,014,336",0,"183,889,920",
199,"AutoMark","140,505.59",27,0,1,27,0,"15,810,036","24,313,856","1,717",398,27,11,202,2,199,"160,014,336",0,"183,996,416",
200,"AutoMark","141,043.31",31,0,2,27,0,"15,810,036","23,789,568","1,750",398,27,11,194,0,194,"159,490,048",0,"183,476,224",
201,"AutoMark","141,558.86",30,0,4,26,0,"15,810,036","23,789,568","1,784",398,27,10,196,0,196,"159,490,048",0,"183,463,936",
202,"AutoMark","142,090.87",32,0,1,30,0,"15,810,036","23,789,568","1,818",398,27,10,190,0,190,"162,910,208",0,"183,603,200",
203,"AutoMark","142,613.73",30,0,4,27,0,"15,810,036","23,789,568","1,851",398,27,7,191,2,188,"162,910,208",0,"183,603,200",
204,"AutoMark","143,147.91",34,0,4,28,0,"15,810,036","23,789,568","1,885",398,27,6,174,0,174,"162,910,208",0,"183,603,200",
205,"AutoMark","143,664.93",29,0,3,25,0,"15,810,036","23,789,568","1,917",398,27,7,193,0,193,"162,910,208",0,"183,603,200",
206,"AutoMark","144,216.97",25,7,0,26,0,"15,810,036","23,789,568","1,952",398,27,12,183,0,183,"162,910,208",0,"183,607,296",
207,"AutoMark","144,736.09",33,0,3,29,0,"15,810,036","23,789,568","1,984",398,27,9,198,0,198,"162,910,208",0,"183,607,296",
208,"AutoMark","145,270.02",30,1,4,28,0,"15,810,036","23,789,568","2,017",398,27,9,198,0,198,"162,910,208",0,"183,713,792",
209,"AutoMark","145,830.09",29,0,2,24,0,"15,810,036","23,789,568","2,050",398,27,10,175,0,175,"162,910,208",0,"183,713,792",
210,"AutoMark","146,362.15",32,0,2,28,0,"15,774,320","23,789,568","2,085",399,27,9,187,0,187,"162,910,208",0,"183,713,792",
211,"AutoMark","146,876.12",31,15,4,27,0,"15,774,320","23,789,568","2,117",399,27,7,185,0,185,"162,910,208",0,"183,717,888",
212,"AutoMark","147,408.19",29,0,1,27,0,"15,774,320","23,789,568","2,150",399,27,9,193,2,190,"162,910,208",0,"183,721,984",
213,"AutoMark","147,940.18",27,0,1,25,0,"15,774,320","23,789,568","2,185",399,27,6,187,2,184,"162,910,208",0,"183,721,984",
214,"AutoMark","148,465.24",30,0,2,28,0,"15,774,320","23,789,568","2,217",399,27,7,193,0,193,"162,910,208",0,"183,721,984",
215,"AutoMark","148,998.84",30,0,3,27,0,"15,774,320","23,789,568","2,250",399,27,14,199,2,196,"162,910,208",0,"183,721,984",
216,"AutoMark","149,526.44",29,0,2,26,0,"15,774,320","23,789,568","2,284",399,27,10,189,0,189,"162,910,208",0,"183,721,984",
217,"AutoMark","150,071.35",33,0,3,30,0,"15,774,320","23,789,568","2,319",399,27,8,174,0,174,"162,910,208",0,"183,721,984",
218,"AutoMark","150,597.36",31,0,5,25,0,"15,774,320","23,789,568","2,351",399,27,10,174,2,172,"162,910,208",0,"183,721,984",
219,"AutoMark","151,110.41",28,0,1,27,0,"16,150,620","23,789,568","2,384",399,27,6,185,0,185,"162,910,208",0,"183,721,984",
220,"AutoMark","151,622.51",30,0,1,25,0,"16,865,040","25,157,632","2,414",422,27,5,188,0,188,"164,278,272",0,"185,274,368",
221,"AutoMark","152,140.46",26,0,1,26,0,"18,725,680","26,890,240","2,443",451,27,6,186,0,186,"166,141,952",0,"187,138,048",
222,"AutoMark","152,655.58",34,0,6,28,0,"22,347,596","29,040,640","2,474",482,27,4,199,0,199,"168,161,280",0,"189,157,376",
223,"AutoMark","153,174.51",33,0,7,25,0,"25,593,476","31,346,688","2,507",515,27,2,186,0,186,"170,467,328",0,"191,553,536",
224,"AutoMark","153,708.56",30,0,2,26,0,"22,131,644","28,557,312","2,544",551,28,2,184,2,181,"167,677,952",0,"188,891,136",
225,"AutoMark","154,220.54",29,0,1,28,0,"32,652,944","38,367,232","2,565",569,31,33,204,6,198,"185,139,200",0,"200,351,744",
226,"AutoMark","154,729.66",34,0,2,32,0,"47,624,132","53,948,416","2,592",586,32,1,226,6,220,"199,471,104",0,"214,687,744",
227,"AutoMark","155,738.70",41,0,2,39,0,"47,638,888","53,948,416","2,685",586,32,2,289,1,287,"199,471,104",0,"214,695,936",
228,"AutoMark","156,270.38",43,0,1,38,0,"47,646,444","53,948,416","2,734",586,32,2,270,0,270,"199,471,104",0,"214,695,936",
229,"AutoMark","156,780.76",41,0,4,37,0,"47,785,040","53,948,416","2,780",586,32,26,296,3,293,"199,462,912",0,"214,765,568",
230,"AutoMark","157,291.75",38,1,4,34,0,"48,910,292","54,591,488","2,863",591,33,4,262,3,259,"200,105,984",0,"215,420,928",
231,"AutoMark","157,817.80",42,0,2,38,0,"48,985,128","54,591,488","2,984",591,33,6,278,2,275,"200,105,984",0,"215,420,928",
232,"AutoMark","158,340.83",42,0,4,39,0,"49,609,404","54,927,360","3,087",637,33,4,265,2,262,"200,441,856",0,"215,814,144",
233,"AutoMark","158,849.80",39,0,2,37,0,"49,610,924","54,927,360","3,204",754,33,6,288,3,285,"200,441,856",0,"215,818,240",
234,"AutoMark","159,855.89",27,0,4,22,0,"49,811,876","55,058,432","3,279",829,33,26,120,1,119,"197,140,480",0,"215,564,288",
235,"AutoMark","160,360.95",13,15,5,6,0,"49,811,876","55,058,432","3,279",829,33,26,0,0,0,"197,140,480",0,"215,564,288",
236,"AutoMark","160,863.93",8,0,4,6,0,"49,811,876","55,058,432","3,279",829,33,26,0,0,0,"197,140,480",0,"215,564,288",
237,"AutoMark","161,366.14",7,0,3,4,0,"49,811,876","55,058,432","3,279",829,33,26,0,0,0,"197,140,480",0,"215,564,288",
238,"AutoMark","162,369.06",9,0,4,4,0,"49,811,876","55,058,432","3,279",829,33,26,0,0,0,"197,140,480",0,"215,568,384",
239,"AutoMark","163,371.12",9,0,4,4,0,"49,811,876","55,058,432","3,279",829,33,26,0,0,0,"197,140,480",0,"215,674,880",
240,"AutoMark","163,873.15",5,0,3,4,0,"49,811,876","55,058,432","3,279",829,33,26,0,0,0,"197,140,480",0,"215,674,880",
241,"AutoMark","164,876.32",10,0,3,6,0,"49,811,876","55,058,432","3,279",829,33,26,0,0,0,"197,140,480",0,"215,674,880",
242,"AutoMark","165,879.27",5,0,3,3,0,"49,811,876","55,058,432","3,279",829,33,26,0,0,0,"197,140,480",0,"215,674,880",
243,"AutoMark","166,396.28",9,0,3,3,0,"49,811,876","55,058,432","3,279",829,33,26,0,0,0,"197,140,480",0,"215,674,880",
244,"AutoMark","166,898.27",6,0,3,5,0,"49,811,876","55,058,432","3,279",829,33,26,0,0,0,"197,140,480",0,"215,674,880",
245,"AutoMark","167,900.36",8,0,3,4,0,"49,811,876","55,058,432","3,279",829,33,26,0,0,0,"190,304,256",0,"214,962,176",
246,"AutoMark","168,902.45",7,0,2,4,0,"49,811,876","55,058,432","3,279",829,33,26,0,0,0,"190,304,256",0,"214,962,176",
247,"AutoMark","169,404.43",7,0,3,3,0,"49,811,876","55,058,432","3,279",829,33,26,0,0,0,"190,304,256",0,"214,962,176",
248,"AutoMark","170,406.54",10,0,3,6,0,"49,811,876","55,058,432","3,279",829,33,26,0,0,0,"190,304,256",0,"214,962,176",
249,"AutoMark","170,909.56",4,0,2,4,0,"49,811,876","55,058,432","3,279",829,33,26,0,0,0,"190,304,256",0,"214,962,176",
250,"AutoMark","171,911.61",8,73,2,6,0,"49,811,876","55,058,432","3,279",829,33,26,0,0,0,"190,304,256",0,"214,958,080",
251,"AutoMark","172,914.78",9,5,3,5,0,"49,811,876","55,058,432","3,279",829,33,26,0,0,0,"190,304,256",0,"214,958,080",
252,"AutoMark","173,917.72",3,0,1,3,0,"49,811,876","55,058,432","3,279",829,33,26,0,0,0,"190,304,256",0,"214,958,080",
253,"AutoMark","174,919.87",11,0,5,6,0,"49,811,876","55,058,432","3,279",829,33,26,0,0,0,"190,304,256",0,"214,958,080",
254,"AutoMark","175,922.89",18,7,4,15,0,"50,113,244","55,451,648","3,292",842,33,19,87,1,85,"226,689,024",0,"217,260,032",
255,"AutoMark","176,444.86",59,0,2,52,0,"53,118,792","59,187,200","3,341",891,33,29,403,8,394,"223,657,984",0,"220,876,800",
256,"AutoMark","176,955.79",59,15,5,54,0,"58,989,720","65,433,600","3,404",931,33,47,409,3,406,"211,144,704",0,"226,295,808",
257,"AutoMark","177,458.87",32,0,1,32,0,"59,078,284","65,478,656","3,438",933,33,14,238,0,238,"204,349,440",0,"225,898,496",
258,"AutoMark","177,985.53",32,0,2,27,0,"59,243,544","65,478,656","3,467",933,33,3,192,0,192,"204,349,440",0,"225,910,784",
259,"AutoMark","178,504.92",31,0,2,31,0,"59,761,960","65,478,656","3,494",933,33,17,195,3,192,"205,135,872",0,"226,652,160",
260,"AutoMark","179,510.16",32,4,2,29,0,"62,787,460","70,762,496","3,571",939,33,7,214,0,214,"207,921,152",0,"231,202,816",
261,"AutoMark","180,031.06",40,0,5,33,0,"67,209,308","73,449,472","3,624",943,33,6,224,0,224,"207,208,448",0,"233,594,880",
262,"AutoMark","180,535.16",13,0,8,6,0,"67,435,736","73,449,472","3,625",943,33,3,3,3,0,"207,208,448",0,"233,598,976",
263,"AutoMark","181,538.16",8,0,3,4,0,"67,435,736","73,449,472","3,625",943,33,3,0,0,0,"207,208,448",0,"233,598,976",
264,"AutoMark","182,540.28",5,0,1,3,0,"67,435,736","73,449,472","3,625",943,33,3,0,0,0,"207,208,448",0,"233,598,976",
265,"AutoMark","183,542.23",8,0,2,5,0,"67,435,736","73,449,472","3,625",943,33,3,0,0,0,"207,208,448",0,"233,598,976",
266,"AutoMark","184,046.29",9,0,5,6,0,"67,435,736","73,449,472","3,625",943,33,3,0,0,0,"207,208,448",0,"233,598,976",
267,"AutoMark","185,050.36",8,0,1,6,0,"67,435,736","73,449,472","3,625",943,33,3,0,0,0,"202,076,160",0,"233,189,376",
268,"AutoMark","186,054.42",6,0,3,6,0,"67,435,736","73,449,472","3,625",943,33,3,0,0,0,"202,752,000",0,"233,218,048",
269,"AutoMark","186,576.43",11,0,3,3,0,"67,435,736","73,449,472","3,625",943,33,3,0,0,0,"202,752,000",0,"233,218,048",
270,"AutoMark","187,078.67",13,1,5,7,0,"67,435,736","73,449,472","3,625",943,33,3,0,0,0,"202,752,000",0,"233,218,048",
271,"AutoMark","188,080.53",8,0,3,4,0,"67,435,736","73,449,472","3,625",943,33,3,0,0,0,"202,752,000",0,"233,218,048",
272,"AutoMark","188,582.59",6,0,1,6,0,"67,435,736","73,449,472","3,625",943,33,3,0,0,0,"202,752,000",0,"233,218,048",
273,"AutoMark","189,589.63",8,0,3,4,0,"67,435,736","73,449,472","3,625",943,33,3,0,0,0,"202,752,000",0,"233,218,048",
274,"AutoMark","190,591.68",11,0,2,8,0,"67,435,736","73,449,472","3,625",943,33,3,0,0,0,"202,752,000",0,"233,218,048",
275,"AutoMark","191,093.71",4,0,2,4,0,"67,435,736","73,449,472","3,625",943,33,3,0,0,0,"202,752,000",0,"233,218,048",
276,"AutoMark","191,596.62",9,0,4,4,0,"67,435,736","73,449,472","3,625",943,33,3,0,0,0,"202,752,000",0,"233,218,048",
277,"AutoMark","192,113.69",39,54,21,17,0,0,0,0,0,0,0,0,0,0,0,0,0,
278,"AutoMark","192,695.73",32,0,14,17,0,0,0,0,0,0,0,0,0,0,0,0,0,
279,"AutoMark","193,224.78",21,0,9,12,0,0,0,0,0,0,0,0,0,0,0,0,0,
"4,294,967,295","End of Program","193,224.78",0,0,0,0,0,0,0,0,0,0,0,0,0,0,0,0,0,
